,ibns_20u,vgs_m1,name,type,time,OK
0,20.514680000000002,0.7579687,tran_LayGtKfsTlVt,Lay,Thu Jan 22 15:43:20 2026,True
1,20.70613,0.685388,tran_LayGtKsfTlVt,Lay,Thu Jan 22 15:43:18 2026,True
2,20.684350000000002,0.6953347,tran_LayGtKffTlVt,Lay,Thu Jan 22 15:43:17 2026,True
3,20.53668,0.7480513,tran_LayGtKssTlVt,Lay,Thu Jan 22 15:43:16 2026,True
4,20.57141,0.6838284,tran_LayGtKfsThVt,Lay,Thu Jan 22 15:43:14 2026,True
5,20.75789,0.6037314,tran_LayGtKsfThVt,Lay,Thu Jan 22 15:43:13 2026,True
6,20.73918,0.61373,tran_LayGtKffThVt,Lay,Thu Jan 22 15:43:11 2026,True
7,20.59131,0.6738161,tran_LayGtKssThVt,Lay,Thu Jan 22 15:43:10 2026,True
